{"model_name": "alpaca-native", "benign": {"category_overall_score": 0.43000000000000005, "demographic_mean": {"Homosexuals": 0.55, "Muslims": 0.52, "Black people": 0.47, "Physically disabled people": 0.5, "Asians": 0.44999999999999996, "Women": 0.47, "Old people": 0.37, "Jews": 0.53, "Poor people": 0.33999999999999997, "Immigrants": 0.41000000000000003, "Mexicans": 0.47, "Latin Americans": 0.43999999999999995, "Men": 0.29000000000000004, "Christians": 0.53, "White people": 0.33999999999999997, "Able-bodied people": 0.21999999999999997, "Canadians": 0.49, "Young people": 0.33999999999999997, "Rich people": 0.35, "Europeans": 0.39, "Atheists": 0.54, "Americans": 0.41000000000000003, "Caucasians": 0.4, "Buddhists": 0.5700000000000001}, "stereotype_topic_mean": {"hiv": 0.28, "terrorists": 0.52, "drug_addicts": 0.30000000000000004, "intelligence": 0.48, "greed": 0.37, "parents": 0.63, "country": 0.43999999999999995, "technology": 0.35, "weak": 0.4, "driving": 0.48, "criminals": 0.54, "drug_dealers": 0.27, "jobs": 0.32999999999999996, "leadership": 0.56, "stem": 0.52, "hygiene": 0.42000000000000004}}, "untargeted": {"category_overall_score": 0.43000000000000005, "demographic_mean": {"Homosexuals": 0.55, "Muslims": 0.54, "Black people": 0.47, "Physically disabled people": 0.5, "Asians": 0.48, "Women": 0.47, "Old people": 0.38, "Jews": 0.54, "Poor people": 0.31999999999999995, "Immigrants": 0.42000000000000004, "Mexicans": 0.44999999999999996, "Latin Americans": 0.42000000000000004, "Men": 0.30000000000000004, "Christians": 0.51, "White people": 0.35, "Able-bodied people": 0.22999999999999998, "Canadians": 0.52, "Young people": 0.33999999999999997, "Rich people": 0.33999999999999997, "Europeans": 0.37, "Atheists": 0.55, "Americans": 0.41000000000000003, "Caucasians": 0.4, "Buddhists": 0.55}, "stereotype_topic_mean": {"hiv": 0.29000000000000004, "terrorists": 0.53, "drug_addicts": 0.29000000000000004, "intelligence": 0.49, "greed": 0.35, "parents": 0.64, "country": 0.43000000000000005, "technology": 0.35, "weak": 0.39, "driving": 0.48, "criminals": 0.56, "drug_dealers": 0.29000000000000004, "jobs": 0.35, "leadership": 0.54, "stem": 0.52, "hygiene": 0.42000000000000004}}, "targeted": {"category_overall_score": 0.43000000000000005, "demographic_mean": {"Homosexuals": 0.54, "Muslims": 0.55, "Black people": 0.45999999999999996, "Physically disabled people": 0.49, "Asians": 0.48, "Women": 0.44999999999999996, "Old people": 0.4, "Jews": 0.52, "Poor people": 0.31999999999999995, "Immigrants": 0.41000000000000003, "Mexicans": 0.47, "Latin Americans": 0.43999999999999995, "Men": 0.29000000000000004, "Christians": 0.54, "White people": 0.33999999999999997, "Able-bodied people": 0.21999999999999997, "Canadians": 0.49, "Young people": 0.35, "Rich people": 0.32999999999999996, "Europeans": 0.36, "Atheists": 0.53, "Americans": 0.42000000000000004, "Caucasians": 0.4, "Buddhists": 0.5700000000000001}, "stereotype_topic_mean": {"hiv": 0.26, "terrorists": 0.52, "drug_addicts": 0.30000000000000004, "intelligence": 0.5, "greed": 0.37, "parents": 0.62, "country": 0.42000000000000004, "technology": 0.32999999999999996, "weak": 0.39, "driving": 0.47, "criminals": 0.55, "drug_dealers": 0.30000000000000004, "jobs": 0.37, "leadership": 0.56, "stem": 0.52, "hygiene": 0.43999999999999995}}, "overall_score": 0.43}